handle,profile_url,type,posts_for_loaded,views,last_post_date,latest_video_url,track_without_tag
@alliebock,https://www.tiktok.com/@alliebock,organic,1,291800,,,false
@kelseyterry,https://www.tiktok.com/@kelseyterry,affiliate,12,76423,2026-09-25,https://www.tiktok.com/@kelseyterry/video/7689662218744417549,false
@kelseylwashburn,https://www.tiktok.com/@kelseylwashburn,affiliate,12,123146,2026-09-16,https://www.tiktok.com/@kelseylwashburn/video/7686309544833666334,false
@be.gabriela,https://www.tiktok.com/@be.gabriela,organic,3,12204,2026-09-14,https://www.tiktok.com/@be.gabriela/video/7685596037750344974,false
@scentsavvyryan,https://www.tiktok.com/@scentsavvyryan,organic,1,5499,,,false
@heyitsdrock,https://www.tiktok.com/@heyitsdrock,organic,1,5211,,,false
@ellie..homola,https://www.tiktok.com/@ellie..homola,organic,1,3802,,,false
@speedqueenmamma,https://www.tiktok.com/@speedqueenmamma,organic,1,2952,,,false
@dumpdeals,https://www.tiktok.com/@dumpdeals,organic,1,1711,,,false
@graceeharmer,https://www.tiktok.com/@graceeharmer,organic,2,1570,2026-08-05,https://www.tiktok.com/@graceeharmer/video/7670626053227859214,false
@briannamorais_,https://www.tiktok.com/@briannamorais_,organic,1,0,2026-09-15,https://www.tiktok.com/@briannamorais_/video/7685921073556213005,false
@claireelise919,https://www.tiktok.com/@claireelise919,organic,4,0,2026-09-23,https://www.tiktok.com/@claireelise919/video/7688862376434650382,false
@kelllypadua,https://www.tiktok.com/@kelllypadua,organic,2,727,2026-09-17,https://www.tiktok.com/@kelllypadua/video/7686675001474338078,false
@lilylonka,https://www.tiktok.com/@lilylonka,organic,1,0,2026-09-18,https://www.tiktok.com/@lilylonka/video/7686875897546296607,false
@mackenzieballou,https://www.tiktok.com/@mackenzieballou,organic,3,1745,2026-09-16,https://www.tiktok.com/@mackenzieballou/video/7686284169504148767,false
@paytonstrait,https://www.tiktok.com/@paytonstrait,organic,2,0,2026-09-16,https://www.tiktok.com/@paytonstrait/video/7686300377863441694,false
@amberjordannn,https://www.tiktok.com/@amberjordannn,organic,4,12800,2026-09-23,https://www.tiktok.com/@amberjordannn/video/7688861452320443678,false
@mckenziemcmahonn,https://www.tiktok.com/@mckenziemcmahonn,organic,2,615,2026-09-11,https://www.tiktok.com/@mckenziemcmahonn/video/7684463555491548430,false
@mrkecom,https://www.tiktok.com/@mrkecom,organic,11,0,2026-09-24,https://www.tiktok.com/@mrkecom/video/7688994359995354398,true
